English,Example (EN),Example (ES),Notes,Spanish,Type
Thriving,The business is thriving.,El negocio está prosperando.,,Próspero / Próspera,Adjective
Stewardship,Good stewardship of resources is essential.,La buena administración de los recursos es esencial.,,Administración / Mayordomía,Noun
Despite,"Despite the rain, we went outside.","A pesar de la lluvia, salimos afuera.",,A pesar de,Phrase
Overseeing,She is overseeing the entire project.,Ella está supervisando todo el proyecto.,,Supervisando,Verb
Incumbent,It is incumbent on us to act responsibly.,Es obligatorio que actuemos de manera responsable.,Can also be a noun meaning the current holder of an office: 'el titular del cargo'.,Titular / Obligatorio,Adjective
Beacons,The lighthouse beacons guide ships safely to shore.,Los faros guían a los barcos de forma segura hacia la costa.,Figuratively: 'beacons of hope' = faros de esperanza.,Faros / Balizas,Noun
Wright,A playwright is a wright who crafts plays.,Un dramaturgo es un artesano que crea obras de teatro.,"Archaic/poetic for a skilled maker or builder. Common in compounds: playwright, wheelwright, shipwright.",Artesano / Constructor,Noun
Peek,She peeked through the window to see what was happening.,Ella echó un vistazo por la ventana para ver qué pasaba.,Also a noun: 'take a peek' = echar un vistazo.,Echar un vistazo / Espiar,Verb
Milestone,Graduating was a major milestone in her life.,Graduarse fue un hito importante en su vida.,Literally a stone marking distance on a road; figuratively a significant achievement or stage.,Hito,Noun
Gather point,The town square was the main gather point for the community.,La plaza del pueblo era el principal punto de encuentro de la comunidad.,Also written as one word: 'gatherpoint'. Refers to a designated meeting or assembly location.,Punto de encuentro / Punto de reunión,Noun
Thoughtfully,She thoughtfully considered every option before deciding.,Ella consideró reflexivamente cada opción antes de decidir.,"Conveys careful, considerate thinking. Also used to mean 'with kindness/consideration': 'He thoughtfully prepared a meal' = Preparó una comida con mucho cuidado.",Reflexivamente / Con cuidado,Adverb
Event lawn,The wedding reception was held on the event lawn.,La recepción de la boda se celebró en el prado para eventos.,,Prado para eventos / Jardín de eventos,Noun
Forge,"Through hard work, she forged a successful career.","Gracias a su esfuerzo, forjó una carrera exitosa.","Can mean ""shape/create"" figuratively, or ""heat and shape metal"" literally. Also used in expressions like forge ahead.",Forjar / Crear / Moldear,Verb
Clutter,The desk was covered in clutter.,El escritorio estaba lleno de desorden.,Can be a noun (mess) or a verb (to clutter = llenar de cosas innecesarias). Common in UI/UX: visual clutter,Desorden / Acumulación de objetos,Noun
Thrive,Plants thrive in sunlight,Las plantas prosperan con la luz solar,"Means to grow, develop, or be successful. Adjective form: thriving",Prosperar / Desarrollarse con éxito,Verb
Glance,She took a quick glance at her phone.,Ella echó un vistazo rápido a su teléfono,"A brief or quick look. Can be a noun (take a glance) or a verb (glance at). Similar to peek, but less secretive",Vistazo / Echar un vistazo,Verb
Spirited,They had a spirited discussion about the project,Tuvieron una animada discusión sobre el proyecto,"Describes someone or something energetic, lively, enthusiastic, or full of spirit",Animado / Enérgico / Entusiasta,Adjective
Traits,Patience and honesty are valuable traits,La paciencia y la honestidad son rasgos valiosos,"Refers to characteristics, qualities, or distinguishing features of a person, animal, or thing",Rasgos / Características,Noun
"Procrastinators ",Procrastinators often delay important tasks until the last minute,Los procrastinadores suelen posponer tareas importantes hasta el último momento,Refers to people who habitually postpone or delay tasks or decisions. Singular: procrastinator,Procrastinadores / Personas que posponen las cosas,Noun
Unpleasent,It was an unpleasant experience that I would rather forget,Fue una experiencia desagradable que preferiría olvidar.,"Describes something not enjoyable, uncomfortable, disagreeable, or causing discomfort. Opposite of pleasant",Desagradable / Poco agradable,Adjective
Lack,The lack of communication caused several problems.,La falta de comunicación causó varios problemas,Can be a noun (lack of) or a verb (to lack = carecer de).,Falta / Carecer de,Noun
Unpleasant,It was an unpleasant experience that I would rather forget,Fue una experiencia desagradable que preferiría olvidar,"Describes something not enjoyable, uncomfortable, disagreeable, or causing discomfort. Opposite of pleasant",Desagradable / Poco agradable,Adjective
Forgetfulness,His forgetfulness caused him to miss several appointments.,Su falta de memoria hizo que perdiera varias citas,The tendency to forget things easily. Related to memory lapses or absent-mindedness,Olvido / Falta de memoria / Despiste,Noun
Behavior,His behavior during the meeting was very professional,Su comportamiento durante la reunión fue muy profesional,"Refers to the way a person, animal, or thing acts or conducts itself. In British English, it is often spelled behaviour.",Comportamiento / Conducta,Noun
,,,,,